class_name,image_count,is_colorectal_cancer,is_colon_diverticula,percentage
Accessory tools,1266,False,False,15.82
Angiectasia,17,False,False,0.21
Barrett's esophagus,95,False,False,1.19
Blood in lumen,171,False,False,2.14
Cecum,113,False,False,1.41
Colon diverticula,29,False,True,0.36
Colon polyps,820,False,False,10.25
Colorectal cancer,139,True,False,1.74
Duodenal bulb,205,False,False,2.56
Dyed-lifted-polyps,141,False,False,1.76
Dyed-resection-margins,246,False,False,3.08
Erythema,15,False,False,0.19
Esophageal varices,7,False,False,0.09
Esophagitis,107,False,False,1.34
Gastric polyps,65,False,False,0.81
Gastroesophageal_junction_normal z-line,330,False,False,4.12
Ileocecal valve,200,False,False,2.5
Mucosal inflammation large bowel,29,False,False,0.36
Normal esophagus,140,False,False,1.75
Normal mucosa and vascular pattern in the large bowel,1467,False,False,18.34
Normal stomach,969,False,False,12.11
Pylorus,393,False,False,4.91
Resected polyps,92,False,False,1.15
Resection margins,25,False,False,0.31
Retroflex rectum,67,False,False,0.84
Small bowel_terminal ileum,846,False,False,10.58
Ulcer,6,False,False,0.08
